year,goes_events,soho_events,fused_events,elapsed_seconds
2018,0,0,0,4.387499570846558
2019,0,0,0,8.6531662940979
2020,0,0,0,77.51195740699768
2021,1,3,3,444.85426473617554
2022,2,5,5,676.1080033779144
2023,9,12,12,1074.1122028827667
2024,14,16,16,1253.5417037010193
2025,3,7,7,335.9649715423584
